Roll Number,Name,Wing Name
2601AI01,Nukala Venkata Chandrahas,Environmental Wing
2601AI02,Annamanani Ashwadh,Prerna Wing
2601AI03,Yeruva Praharshini,Prerna Wing
2601AI04,Kanak Agrawal,Environmental Wing
2601AI14,Harshit Kumar,Rural Development Wing
2601AI15,Mulkala Vashista,Prerna Wing
2601AI16,Aditi Verma,Environmental Wing
2601AI17,G YOZAN BABU,Environmental Wing
2601AI22,Modadugu Venkata Sai Siva,Prerna Wing
2601AI24,Viraj Singh,Rural Development Wing
2601AI28,Patel Lokesh,Environmental Wing
2601AI32,Kandibanda Nehal,Design and Curation Wing
2601AI33,Lakavath Santhosh,Rural Development Wing
2601AI41,Gumpu Puneeth Sasank,Environmental Wing
2601AI43,Parlapalli Surya Srikar Reddy,Prerna Wing
2601AI44,Tokalwad Parth Anand,Design and Curation Wing
2601AI45,Anushka Gupta,Environmental Wing
2601AI48,Kada Darshan,Teaching and Technical Wing
2601CB02,Aditi Kumari,Teaching and Technical Wing
2601CB05,Siriki Hemanth,Rural Development Wing
2601CB06,Anshul Tyagi,Teaching and Technical Wing
2601CB11,Jeetesh Kumar Sahu,Teaching and Technical Wing
2601CB12,Utkarsh Yadav,Teaching and Technical Wing
2601CB18,Ishita Singh,Environmental Wing
2601CB25,Tanushka Sharma,Teaching and Technical Wing
2601CB26,Swarit Srivastava,Teaching and Technical Wing
2601CB29,Gaurav Agnihotri,Environmental Wing
2601CB30,Mohammad Ibrahim,Teaching and Technical Wing
2601CB46,Shobhit Airan,Teaching and Technical Wing
2601CB47,Nasir Raza,Rural Development Wing
2601CB51,Akula Anjana Sowmya,Environmental Wing
2601CB53,Nikhil,Teaching and Technical Wing
2601CB54,Pintu Mondal,Rural Development Wing
2601CB55,Varahi Rohit Pardeshi,Rural Development Wing
2601CB56,Mudavath Divya,Prerna Wing
2601CB59,Illa Ramya,Environmental Wing
2601CB64,Peddaram Sahasra Vardhini,Environmental Wing
2601CB65,Gangapatnam Shyam Abhishek,Environmental Wing
2601CB67,Kevlani Yash Manishbhai,Rural Development Wing
2601CE06,Priyamgaurvi,Design and Curation Wing
2601CE10,Anupam Jha,Environmental Wing
2601CE11,Harsh Pratap Singh,Teaching and Technical Wing
2601CE13,Chetan Singh,Teaching and Technical Wing
2601CE15,Snigdh Arindam,Teaching and Technical Wing
2601CE17,Vivek Goyal,Teaching and Technical Wing
2601CE18,Arya Deshmukh,Prerna Wing
2601CE22,Dharamveer Pingoliya,Teaching and Technical Wing
2601CE23,Dasu Jayasree,Prerna Wing
2601CE26,Ameya Pravin Kamat,Design and Curation Wing
2601CE29,Prashant Meena,Teaching and Technical Wing
2601CE30,Rakesh Jangid,Teaching and Technical Wing
2601CE35,Vaibhav Anand,Teaching and Technical Wing
2601CE36,Sarvjeet Kumar,Rural Development Wing
2601CE37,Aanya Verma,Teaching and Technical Wing
2601CE39,Wriddhi Adhya,Prerna Wing
2601CE40,Pritam Kumar Siddhant,Teaching and Technical Wing
2601CE43,Mohammad Kamran,Teaching and Technical Wing
2601CE45,Pradip Kumar,Rural Development Wing
2601CE50,Shaik Arbaaz Ahmed,Rural Development Wing
2601CE51,Ahon Pansa,Design and Curation Wing
2601CE54,Mahi Khera,Teaching and Technical Wing
2601CE55,Deepak Singh,Rural Development Wing
2601CE57,Abhijeet Kumar,Teaching and Technical Wing
2601CE60,Gaurav Kumar,Environmental Wing
2601CE63,Rohit Dulariya,Teaching and Technical Wing
2601CS01,Vadthyavath Bhuvanendra Naik,Environmental Wing
2601CS03,Daksh Joshi,Rural Development Wing
2601CS05,Jakkampudi Tanuj,Prerna Wing
2601CS10,Vankunavath Shashank Indra Tej,Prerna Wing
2601CS11,Yogyta Verma,Environmental Wing
2601CS12,Mohammad Husain,Teaching and Technical Wing
2601CS15,Narottam Singh Sikarwar,Teaching and Technical Wing
2601CS16,Biswajit Sahoo,Rural Development Wing
2601CS19,Gajibelli Pushpa Vamsi,Environmental Wing
2601CS21,Ankit Mishra,Prerna Wing
2601CS22,Kalluru Deekshitha Reddy,Prerna Wing
2601CS24,Jadhav Prajyot,Environmental Wing
2601CS27,Talasani Rithwik Reddy,Rural Development Wing
2601CS28,Jeswanth C S,Prerna Wing
2601CS30,Mudokulam Jaikishan Naik,Prerna Wing
2601CS32,K Rahul Kumar Reddy,Prerna Wing
2601CS34,Kuluri Venkata Sai Kaushik,Rural Development Wing
2601CS36,Avinash Shakya,Rural Development Wing
2601CS39,Kurupudi Sai Sathvika,Environmental Wing
2601CS41,V Varunkumar,Environmental Wing
2601CS42,Krishna Kumar,Teaching and Technical Wing
2601CS43,Dhruv,Rural Development Wing
2601CS47,Pramod Yadav,Teaching and Technical Wing
2601CS49,Lapshetwar Shivam Pradip,Teaching and Technical Wing
2601CS50,Abhishek Kumar,Teaching and Technical Wing
2601CS57,Vemu Manjula,Prerna Wing
2601CS58,Aamana Khatoon,Environmental Wing
2601CS62,Utkarsha Ravindra Kakulate,Environmental Wing
2601CS63,Navneet Kumar Nitin,Rural Development Wing
2601CS64,Noor Jamali,Teaching and Technical Wing
2601CS67,Ambati Keerthi Pranavi,Prerna Wing
2601CS70,Anmol Kumar Sah,Environmental Wing
2601CS73,Nihal Shoju,Rural Development Wing
2601CS74,Utkarsh Raj,Prerna Wing
2601CS78,Shrishant Kumar,Environmental Wing
2601CS81,Mukiri Saatwik,Prerna Wing
2601CS82,Umesh Kumar Saini,Teaching and Technical Wing
2601CS84,Krish,Rural Development Wing
2601CS85,Chaitanaya Nathalia,Teaching and Technical Wing
2601CS87,Vaibhav,Teaching and Technical Wing
2601CS88,Ramavath Vinay,Environmental Wing
2601CT01,Shaurya Gupta,Design and Curation Wing
2601CT04,Prince,Rural Development Wing
2601CT05,Aarya Pankaj Patil,Environmental Wing
2601CT06,Mandhani Netal Radheshyam,Prerna Wing
2601CT08,Amey Mittal,Teaching and Technical Wing
2601CT09,Nitya Bansal,Teaching and Technical Wing
2601CT10,Manya Dhirawat,Prerna Wing
2601CT11,Ananya Kumari,Prerna Wing
2601CT14,Kashvi Verma,Prerna Wing
2601CT17,Mayank Jangid,Environmental Wing
2601CT19,Brijesh Nishad,Teaching and Technical Wing
2601CT21,Ritesh Kumar,Teaching and Technical Wing
2601CT23,Arnav Agrawal,Teaching and Technical Wing
2601CT25,Aman Kumar,Rural Development Wing
2601CT31,Dharavath Deepanvitha,Prerna Wing
2601CT32,Tanav,Rural Development Wing
2601CT35,Siddatapu Ajay Kumar,Environmental Wing
2601EC03,Asif Uddaulah,Teaching and Technical Wing
2601EC04,Srirup Saha,Rural Development Wing
2601EC07,Bondugula Likith Sai,Rural Development Wing
2601EC08,Lingam Rohit,Environmental Wing
2601EC11,Harshit Singh,Teaching and Technical Wing
2601EC13,Prince Sharma,Teaching and Technical Wing
2601EC14,Garima,Teaching and Technical Wing
2601EC15,Allu Sai Jagan,Environmental Wing
2601EC17,Natte Charan Sai Teja,Rural Development Wing
2601EC20,Deepanshu Jangir,Environmental Wing
2601EC26,Yuvraj Singh,Rural Development Wing
2601EC27,Srinaina Gowru,Design and Curation Wing
2601EC28,Threenender Bhukya,Environmental Wing
2601EC29,Anirudh G,Teaching and Technical Wing
2601EC31,Mallika Lokesh,Environmental Wing
2601EC32,Panthangi Abhishek,Environmental Wing
2601EC34,M Yogi Prathap,Rural Development Wing
2601EC35,Taneti Venkata Rama Kanth,Environmental Wing
2601EC41,Suyash Verma,Environmental Wing
2601EC42,Gavva Abhiram Reddy,Rural Development Wing
2601EC43,Krishna Sharma,Teaching and Technical Wing
2601EC44,Shivansh Kumar,Environmental Wing
2601EC45,Shah Vraj Ketul,Teaching and Technical Wing
2601EE01,Satya Kumar Shubham,Environmental Wing
2601EE03,Mankhush,Rural Development Wing
2601EE04,Bhagat Anushka Satyaprakash,Rural Development Wing
2601EE05,Purnim Raj,Teaching and Technical Wing
2601EE07,Ayush Narayan,Teaching and Technical Wing
2601EE08,Ayush Raj,Teaching and Technical Wing
2601EE10,Brajendra Kumar,Teaching and Technical Wing
2601EE15,Sumit Sarkar,Rural Development Wing
2601EE17,Sreeman Buram,Environmental Wing
2601EE22,Raj Shekhar,Environmental Wing
2601EE23,Pratyusha Maji,Teaching and Technical Wing
2601EE24,Ambala Athrij,Environmental Wing
2601EE25,Gugulothu Ram Charan,Environmental Wing
2601EE26,Samir Kumar,Environmental Wing
2601EE27,Abhigyan Singh,Prerna Wing
2601EE28,Abhayanand Kumar,Teaching and Technical Wing
2601EE29,Ranveer Singh,Rural Development Wing
2601EE30,Boda Ram Charan,Environmental Wing
2601EE32,Paridhi Agrawal,Rural Development Wing
2601EE33,Ryan Mathew,Teaching and Technical Wing
2601EE37,Kodavath Harshavardhan,Environmental Wing
2601EE40,Bhosale Saksham Sanjaykumar,Teaching and Technical Wing
2601EE42,Kale Sneha Zelaji,Design and Curation Wing
2601EE44,Lakavath Anirvinya,Rural Development Wing
2601EE46,SHAIK NOUSHEER,Environmental Wing
2601ES05,Maloth Parimala,Prerna Wing
2601ES14,Didde Ramya,Rural Development Wing
2601ES17,Abhishek V Singh,Prerna Wing
2601ES20,Jayshri Agarwal,Design and Curation Wing
2601ES22,Pradyuman Singh Shekhawat,Prerna Wing
2601MC02,Harish Attri,Teaching and Technical Wing
2601MC04,Chandrachur Mondal,Prerna Wing
2601MC05,Lakshya Malkhede,Design and Curation Wing
2601MC06,Saksham Mittal,Teaching and Technical Wing
2601MC09,Anubhu Das,Design and Curation Wing
2601MC12,Rehan Riazahmad Mulla,Prerna Wing
2601MC13,Chirag Kumar,Teaching and Technical Wing
2601MC14,Shreyasi,Teaching and Technical Wing
2601MC15,Devangana Aneesh,Prerna Wing
2601MC16,Satvik Deorah,Teaching and Technical Wing
2601MC17,Deepak Kumar,Teaching and Technical Wing
2601MC20,Yash Purushottam Sawsakade,Teaching and Technical Wing
2601MC23,M.Chandra Sekhar,Prerna Wing
2601MC24,Madhavaram Saharsh,Environmental Wing
2601MC28,Tejas Babhale,Prerna Wing
2601MC29,Kumar Naman,Teaching and Technical Wing
2601MC32,Varun,Environmental Wing
2601MC33,Sourabh Kumar,Prerna Wing
2601MC37,Banoth Sidharth,Design and Curation Wing
2601MC38,Ishan Mittal,Teaching and Technical Wing
2601MC39,Addala Suhani,Prerna Wing
2601MC40,Yash Prasad,Rural Development Wing
2601MC41,Aayush Paikaray,Rural Development Wing
2601MC44,Mothukupally Nihal Reddy,Teaching and Technical Wing
2601MC45,Tadi Bhargava Siva Durga,Rural Development Wing
2601MC50,Lakshmi Patni,Teaching and Technical Wing
2601ME02,Kumar Shankar,Teaching and Technical Wing
2601ME04,Chinmay Aggarwal,Teaching and Technical Wing
2601ME06,Mohammad Ali,Teaching and Technical Wing
2601ME07,Aryan,Rural Development Wing
2601ME08,Shreyansh Ravi,Teaching and Technical Wing
2601ME10,Pradyumna Vasant Patil,Prerna Wing
2601ME11,Satyam Singh,Teaching and Technical Wing
2601ME12,Gulshan Kumar,Rural Development Wing
2601ME14,Varanasi Sai Rishin,Environmental Wing
2601ME16,Adrita Bej,Environmental Wing
2601ME17,Krishnam,Teaching and Technical Wing
2601ME21,Anurag Singh,Teaching and Technical Wing
2601ME22,Gorle Gnanadeep,Rural Development Wing
2601ME23,Dulapalli Leela Krishna,Rural Development Wing
2601ME24,Hazare Sanvi,Prerna Wing
2601ME29,Navanitha J,Prerna Wing
2601ME30,Mahika Paliwal,Rural Development Wing
2601ME32,Yashaswi Sudhanv Balanagu,Environmental Wing
2601ME34,Singh Aryaman Harendra,Environmental Wing
2601ME35,Ashish Jacob,Environmental Wing
2601ME36,Aditya Maurya,Teaching and Technical Wing
2601ME37,Jajimogga Teja,Environmental Wing
2601ME38,Namala Yeshwanth Kumar,Environmental Wing
2601ME40,Aditya Kumar,Teaching and Technical Wing
2601ME43,Swapnil Chowdhury,Teaching and Technical Wing
2601ME44,S Lithesh Chetan Vadavelli,Prerna Wing
2601ME46,Krish Kumar,Prerna Wing
2601ME48,Dara Vinoothna,Prerna Wing
2601ME50,Yusuf Imtiyaz,Teaching and Technical Wing
2601ME52,Kottisa Haripreeth,Environmental Wing
2601ME53,Yelaka Midhun Sai,Prerna Wing
2601ME55,Ratan Kumar Yadav,Teaching and Technical Wing
2601ME56,Muttamsetti Jayasri Durga,Environmental Wing
2601ME59,Poornima Tiwari,Teaching and Technical Wing
2601ME60,Rudra Mahlawat,Teaching and Technical Wing
2601ME61,Shreya Kumari,Rural Development Wing
2601ME64,Anaghmoy Chatterjee,Teaching and Technical Wing
2601ME66,Aadya Singh,Teaching and Technical Wing
2601ME69,Anurag Nallani,Prerna Wing
2601ME71,Shivjeet Kumar,Prerna Wing
2601ME73,Ramavath Nithin kumar naik,Prerna Wing
2601ME74,Bhukya Mohan,Environmental Wing
2601ME77,Atharv Joshi,Rural Development Wing
2601ME78,Murukuti Sridhar Reddy,Environmental Wing
2601ME79,Bakuri Nava Deep Raju,Rural Development Wing
2601ME80,Gauransh Sharma,Teaching and Technical Wing
2601ME81,Ritu Kumari,Prerna Wing
2601ME82,Parumandla Jashwanth,Teaching and Technical Wing
2601MM04,Anushka Ghosh,Teaching and Technical Wing
2601MM05,Samaksh Vishnoi,Environmental Wing
2601MM06,Dhanjit Das,Prerna Wing
2601MM10,Apurva Pranay,Prerna Wing
2601MM11,Drishti,Rural Development Wing
2601MM15,Abhishek,Design and Curation Wing
2601MM17,Jayant Raj,Rural Development Wing
2601MM18,Shivank Goyal,Rural Development Wing
2601MM19,Harshawardhan Navnath Gaikwad,Teaching and Technical Wing
2601MM21,Samarth Bajpai,Teaching and Technical Wing
2601MM23,Arsia,Design and Curation Wing
2601MM24,Aaranya Ganotra,Teaching and Technical Wing
2601MM25,Shivam Krishnan,Teaching and Technical Wing
2601MM30,Shyam Sundar Ghorui,Rural Development Wing
2601MM31,Rizwanur Rahman,Teaching and Technical Wing
2601MM32,Bhushan Vijay Barde,Teaching and Technical Wing
2601MM33,Kirti Vitthal Fasate,Rural Development Wing
2601MM34,Chintala Rishitha,Rural Development Wing
2601MM35,Wagmare Ajay,Prerna Wing
2601MM36,Gudala Venkata Pranav Bhanu,Prerna Wing
2601MM38,Rounak Mandal,Teaching and Technical Wing
2601MM39,Tamalika Sau,Prerna Wing
2601MM40,Trisha Sharma,Prerna Wing
2601MM42,Ayansh Pathak,Teaching and Technical Wing
2601MM44,Ramavath Praveen Kumar,Environmental Wing
2601PH02,Amit Dhakad,Prerna Wing
2601PH04,Aarna Niti Pushkar,Teaching and Technical Wing
2601PH05,Rohan Kumar Singh,Rural Development Wing
2601PH07,Shlok Tanmaya,Rural Development Wing
2601PH13,Shaswat Gangopadhyay,Teaching and Technical Wing
2601PH14,Ujjwal Priyedarshi,Teaching and Technical Wing
2601PH20,Neha,Design and Curation Wing
2601PH23,Akhil Saini,Teaching and Technical Wing
2601PH24,Sivani Anamika R,Prerna Wing
2601PH26,Yenuga Peddireddy Gari Krishna,Rural Development Wing
2601PH29,Suraj Singh,Rural Development Wing
2601PH30,Ponnakanti Vivek Ripunjay,Teaching and Technical Wing
2601PH31,Banothu Sai Charan,Rural Development Wing
2602CM04,Jaiveen Kaur,Teaching and Technical Wing
2602CM05,Ayansh Utkarsh Maurya,Teaching and Technical Wing
2602CM09,K Naveen Nayak,Prerna Wing
2602CS02,Bodapati Veera Venkata Ravi,Teaching and Technical Wing
2602CS05,Dev Asati,Teaching and Technical Wing
2602CS06,Somya Tikwani,Teaching and Technical Wing
2602CS07,Muniza Parvin,Prerna Wing
2602CS08,Anurag Kumar,Teaching and Technical Wing
2602CS09,Ankit Meena,Environmental Wing
2602CS11,Rishu Kumar,Environmental Wing
2602GT01,Satyam Sinha,Environmental Wing
2602GT02,Aayush Mishra,Environmental Wing
2602GT03,Aditya Kaushal,Prerna Wing
2602GT04,Daidipya Dadhich,Rural Development Wing
2602GT05,Yashraj Jeph,Environmental Wing
2602GT06,Swati,Environmental Wing
2602MC03,Abhishek Kumar,Teaching and Technical Wing
2602MC04,Raikwar Shruti Vinod,Rural Development Wing
2602MC06,Unhone Pushpak Yogesh,Rural Development Wing
2602MC07,Potnuru Sartak,Rural Development Wing
2602MC08,Mohammad Bohra,Prerna Wing
2602MT10,S K Tharun,Teaching and Technical Wing
2602PC01,R Syam Sundar Reddy,Rural Development Wing
2602PC02,Mandalapu Sai Sahasra,Environmental Wing
2602PC03,Rohit Kumar Behera,Environmental Wing
2602PC04,Kondaka Yasaswy,Rural Development Wing
2602PC06,Jiya Ganeshsingh Chauhan,Prerna Wing
2602PH02,ARKA DAS,Rural Development Wing
2602ST02,Saptarshi Patra,Prerna Wing
2602ST03,Natasha Sen,Prerna Wing
2602ST05,Anirudh Makkapati,Design and Curation Wing
2602ST06,Pranjal Narendra Chaudhari,Prerna Wing
2602VL03,Aryan Singh,Prerna Wing
2602VL06,Harshit Bajaj,Teaching and Technical Wing
2602VL07,Neeraj Guguloth,Rural Development Wing
2602VL08,Dhande Hemani Vinod,Design and Curation Wing
2603AI01,Nagella Shrivatsa Prasad,Prerna Wing
2603AI02,Nishad Baviskar,Design and Curation Wing
2603AI03,Rahul Prasad P,Design and Curation Wing
2603CB01,Pratheeksha B G,Environmental Wing
2603CB02,Sriejan Das,Prerna Wing
2603CB03,Bishu Bhaskar,Teaching and Technical Wing
2603CB04,Sachin Kumar,Environmental Wing
2603CE02,Vivek Kumar Singh,Prerna Wing
2603CE04,Bonuga Koushik Chandra Reddy,Teaching and Technical Wing
2603CE06,Ayush Singh,Design and Curation Wing
2603CS01,Alankrit Patel,Teaching and Technical Wing
2603CS02,Champa Yeshey,Prerna Wing
2603CT03,Dipu Kumar Kewat,Teaching and Technical Wing
2603EC01,Aditya Kumar Bhagat,Teaching and Technical Wing
2603EC02,Kaushik Kumar,Prerna Wing
2603EE03,LAKSHMI REVANTH SAI PALADUGU,Prerna Wing
2603EE04,Putluru Sai Varshith Reddy,Environmental Wing
2603EE05,Abhinav Anand,Rural Development Wing
2603ES01,Ramchandra Tholiya,Environmental Wing
2603ES03,Pranil Nikhil Dube,Teaching and Technical Wing
2603ES04,Rachit Agarwal,Prerna Wing
2603MC03,Rashmita Yadav,Environmental Wing
2603ME01,Pranjal Prashant Nerkar,Teaching and Technical Wing
2603ME02,Karwar Vedant Dattatray,Prerna Wing
2603ME04,Vikash Vaibhav,Teaching and Technical Wing
2603ME05,Sarda Dhruv,Environmental Wing
2603ME07,Biroju Rushikesh,Environmental Wing
2603ME09,Parikshit Bedi,Environmental Wing
2603ME13,Silimkar Tejas Mangesh,Teaching and Technical Wing
2603MM02,Ritojoy Mandal,Environmental Wing
2603MM04,Adya Agarwal,Environmental Wing
2603MM05,Telugu Shashank,Environmental Wing
2603PH01,Aryan Aggrawal,Rural Development Wing
2603PH02,Arka Das,Rural Development Wing
2603PH03,Mahak Shakya,Prerna Wing
